Player,Position
A.J. Derby,TE
A.J. Feeley,QB
A.J. Green,WR
A.J. Jenkins,WR
A.J. McCarron,QB
Aaron Brown,RB
Aaron Burbridge,WR
Aaron Dobson,WR
Aaron Hernandez,TE
Aaron Jones,RB
Aaron Murray,
Aaron Ripkowski,RB
Aaron Rodgers,QB
Ace Sanders,WR
Adam Humphries,WR
Adam Nissley,
Adam Schiltz,
Adam Shaheen,TE
Adam Thielen,WR
Adrian Arrington,
Adrian Peterson,RB
Adrien Robinson,TE
Ahmad Bradshaw,RB
Ahmard Hall,RB
Akeem Hunt,RB
Alan Bonner,
Alan Cross,TE
Albert Wilson,WR
Albert Young,RB
Aldrick Robinson,WR
Alec Lemon,
Alex Armah,
Alex Bayer,
Alex Collins,RB
Alex Ellis,TE
Alex Erickson,WR
Alex Gillett,
Alex Green,RB
Alex Smith,QB
Alex Tanney,QB
Alfonso Smith,RB
Alfred Blue,RB
Alfred Morris,RB
Alge Crumpler,TE
Allen Bradford,
Allen Hurns,WR
Allen Reisner,
Allen Robinson,WR
Alonzo Harris,RB
Alshon Jeffery,WR
Alvester Alexander,
Alvin Kamara,RB
Amara Darboh,WR
Amari Cooper,WR
Ameer Abdullah,RB
Andre Brown,RB
Andre Caldwell,WR
Andre Ellington,RB
Andre Hardy,
Andre Holmes,WR
Andre Johnson,WR
Andre Roberts,WR
Andre Williams,RB
Andre' Anderson,
Andrew Hawkins,WR
Andrew Luck,QB
Andrew Quarless,TE
Andrew Szczerba,
Andrew Turzilli,WR
Andy Dalton,QB
Andy Janovich,RB
Andy Jones,
Anquan Boldin,WR
Anthony Allen,RB
Anthony Armstrong,WR
Anthony Becht,TE
Anthony Denham,
Anthony Dixon,RB
Anthony Fasano,TE
Anthony Gonzalez,
Anthony Hill,TE
Anthony McCoy,
Anthony Sherman,RB
Antone Smith,RB
Antonio Andrews,RB
Antonio Brown,WR
Antonio Gates,TE
Antony Auclair,WR
Antwaan Randle El,WR
ArDarius Stewart,WR
Arian Foster,RB
Armando Allen,RB
Armanti Edwards,WR
Armon Binns,WR
Armond Smith,RB
Arnaz Battle,
Arrelious Benn,WR
Arthur Lynch,
Asante Cleveland,
Austin Collie,WR
Austin Davis,QB
Austin Ekeler,RB
Austin Hooper,TE
Austin Johnson,RB
Austin Pettis,WR
Austin Seferian-Jenkins,TE
Austin Traylor,TE
B.J. Coleman,
B.J. Cunningham,
B.J. Daniels,QB
Baron Batch,RB
Beanie Wells,RB
Bear Pascoe,
Ben Braunecker,
Ben Edwards,WR
Ben Hartsock,
Ben Koyack,TE
Ben Obomanu,WR
Ben Patrick,TE
Ben Roethlisberger,QB
Ben Tate,RB
Ben Watson,TE
BenJarvus Green-Ellis,RB
Bennie Fowler,WR
Benny Cunningham,RB
Bernard Berrian,WR
Bernard Pierce,RB
Bernard Reedy,WR
Bernard Scott,RB
Bert Reed,
Bilal Powell,RB
Billy Bajema,TE
Billy Latsko,
Billy Volek,QB
Bishop Sankey,RB
Blaine Gabbert,QB
Blair White,WR
Blake Annen,
Blake Bell,TE
Blake Bortles,QB
Bo Scaife,TE
Bobby Rainey,RB
Brad Herman,
Brad Smelley,
Brad Smith,WR
Brad Sorensen,
Bradie Ewing,
Bradley Marquez,
Brady Quinn,QB
Braedon Bowman,
Bralon Addison,RB
Branden Oliver,RB
Brandin Cooks,WR
Brandon Banks,WR
Brandon Barden,
Brandon Bolden,RB
Brandon Bostick,TE
Brandon Burks,RB
Brandon Coleman,WR
Brandon Gibson,WR
Brandon Jackson,RB
Brandon Jacobs,RB
Brandon James,WR
Brandon LaFell,WR
Brandon Lloyd,WR
Brandon Manumaleuna,RB
Brandon Marshall,WR
Brandon Myers,TE
Brandon Pettigrew,TE
Brandon Saine,RB
Brandon Stokley,WR
Brandon Tate,WR
Brandon Weeden,QB
Brandon Wegher,
Brandon Wilds,RB
Brandon Williams,TE
Braxton Miller,WR
Braylon Edwards,WR
Brelon Chancellor,
Brent Celek,TE
Brenton Bersin,WR
Breshad Perriman,WR
Brett Favre,QB
Brett Hundley,QB
Brett Swain,WR
Brian Brohm,QB
Brian Clark,
Brian Finneran,WR
Brian Hartline,WR
Brian Hill,RB
Brian Hoyer,QB
Brian Jennings,
Brian Leonard,RB
Brian Leonhardt,TE
Brian Parker,TE
Brian Quick,WR
Brian Robiskie,
Brian St. Pierre,QB
Brian Tyms,WR
Brian Westbrook,RB
Brice Butler,WR
Brit Miller,RB
Britt Davis,
Brittan Golden,WR
Brock Bolen,RB
Brock Osweiler,QB
Brodie Croyle,QB
Brody Eldridge,TE
Bronson Hill,RB
Bruce Ellington,WR
Bruce Gradkowski,QB
Bruce Miller,RB
Bryan Walters,WR
Bryant Johnson,WR
Bryce Brown,RB
Bryce Davis,
Bryce Petty,QB
Bryce Treggs,WR
Byron Leftwich,QB
Byron Marshall,RB
C.J. Anderson,RB
C.J. Beathard,QB
C.J. Fiedorowicz,TE
C.J. Ham,RB
C.J. Prosise,RB
C.J. Spiller,RB
C.J. Uzomah,TE
Cadillac Williams,RB
Caleb Hanie,
Caleb Holley,
Calvin Johnson,WR
Cam Newton,QB
Cameron Artis-Payne,RB
Cameron Brate,TE
Cameron Meredith,WR
Cameron Morrah,
Cardale Jones,QB
Carlos Hyde,RB
Carlton Mitchell,WR
Carson Palmer,QB
Carson Wentz,QB
Case Keenum,QB
Cecil Shorts,WR
Cedric Benson,RB
Cedric Peerman,RB
Cethan Carter,
Chad Hall,WR
Chad Hansen,WR
Chad Henne,QB
Chad Johnson,WR
Chad Pennington,QB
Chad Simpson,
Chad Williams,WR
Chandler Harnish,
Chandler Worthy,WR
Chansi Stuckey,WR
Charcandrick West,RB
Charles Clay,TE
Charles Johnson,WR
Charles Sims,RB
Charlie Batch,QB
Charlie Whitehurst,QB
Charly Martin,WR
Charone Peake,WR
Chase Coffman,
Chase Daniel,QB
Chase Ford,TE
Chase Reynolds,RB
Chastin West,WR
Chauncey Washington,RB
Chaz Schilens,WR
Chester Rogers,WR
Chester Taylor,RB
Chris Baker,WR
Chris Brooks,
Chris Carson,RB
Chris Chambers,WR
Chris Conley,WR
Chris Cooley,RB
Chris Givens,WR
Chris Godwin,WR
Chris Gragg,TE
Chris Gronkowski,RB
Chris Harper,WR
Chris Henry,
Chris Hogan,WR
Chris Ivory,RB
Chris Johnson,RB
Chris Manhertz,TE
Chris Matthews,WR
Chris Moore,WR
Chris Ogbonnaya,RB
Chris Owusu,WR
Chris Pantale,
Chris Polk,RB
Chris Pressley,RB
Chris Rainey,
Chris Redman,QB
Chris Summers,
Chris Thompson,WR
Chris Williams,WR
Christian McCaffrey,RB
Christian Ponder,QB
Christine Michael,RB
Chuck Jacobs,
Cierre Wood,RB
Clark Harris,
Clay Harbor,TE
Clinton Portis,RB
Clive Walford,TE
Clyde Gates,WR
Cobi Hamilton,WR
Coby Fleener,WR
Cody Core,
Cody Kessler,QB
Cody Latimer,WR
Cole Beasley,WR
Cole Hikutini,TE
Cole Wick,TE
Colin Cloherty,TE
Colin Cochart,TE
Colin Kaepernick,QB
Collin Franklin,
Collin Mooney,RB
Colt McCoy,
Connor Cook,QB
Connor Hamlett,TE
Connor Shaw,QB
Cooper Helfet,TE
Cooper Kupp,WR
Cooper Rush,QB
Cordarrelle Patterson,WR
Corey Brown,WR
Corey Clement,RB
Corey Coleman,WR
Corey Davis,WR
Corey Fuller,WR
Corey Grant,RB
Corey McIntyre,RB
Corey Washington,WR
Correll Buckhalter,RB
Cory Harkey,
Courtney Roby,WR
Craig Davis,WR
Craig Stevens,TE
Crockett Gillmore,TE
Curtis Brinkley,RB
Curtis Painter,QB
Curtis Samuel,WR
Cyrus Gray,RB
D'Onta Foreman,RB
D.C. Jefferson,
D.J. Adams,
D.J. Foster,RB
D.J. Tialavea,TE
D.J. Williams,TE
Da'Rel Scott,RB
Da'Rick Rogers,WR
Dak Prescott,QB
Dale Moss,
Dallas Clark,TE
Dalvin Cook,RB
Damaris Johnson,WR
Damian Copeland,
Damian Williams,WR
Damien Williams,RB
Damiere Byrd,WR
Dan Gronkowski,
Dan Herron,RB
Dan Orlovsky,QB
Dan Vitale,RB
Danario Alexander,WR
Dane Sanzenbacher,WR
Daniel Brown,WR
Daniel Coats,
Daniel Fells,TE
Daniel Graham,TE
Daniel Lasco,
Daniel Thomas,RB
Danny Amendola,WR
Danny Coale,
Danny Noble,TE
Danny Ware,RB
Danny Woodhead,RB
Dante Rosario,RB
Darcy Johnson,
Darius Hanks,
Darius Jennings,WR
Darius Johnson,WR
Darius Powe,WR
Darius Reynaud,RB
Darrel Young,RB
Darrell Daniels,TE
Darren Evans,
Darren Fells,TE
Darren McFadden,RB
Darren Sproles,RB
Darren Waller,TE
Darrin Reaves,RB
Darrius Heyward-Bey,WR
Darvin Adams,
Daryl Richardson,RB
Davante Adams,WR
David Anderson,WR
David Ausberry,TE
David Carr,QB
David Clowney,WR
David Cobb,RB
David Douglas,
David Fales,QB
David Fluellen,RB
David Garrard,QB
David Gettis,
David Gilreath,WR
David Johnson,RB
David Martin,TE
David Morgan,TE
David Nelson,WR
David Njoku,TE
David Paulson,
David Reed,WR
David Thomas,TE
David Wilson,
Davin Meggett,
Davone Bess,WR
De'Andre Presley,WR
De'Angelo Henderson,RB
De'Anthony Thomas,WR
De'Veon Smith,RB
DeAndre Hopkins,WR
DeAndre Smelter,WR
DeAndre Washington,RB
DeAndrew White,WR
DeAngelo Williams,RB
DeMarco Murray,RB
DeMarco Sampson,WR
DeSean Jackson,WR
DeShawn Wynn,
DeShone Kizer,QB
DeVante Parker,WR
DeVier Posey,WR
Deangelo Peterson,
Dede Westbrook,WR
Dedrick Epps,TE
Deion Branch,WR
Deji Karim,RB
Delanie Walker,TE
Delone Carter,
Demarcus Ayers,WR
Demarcus Robinson,WR
Demaryius Thomas,WR
Demetrius Harris,TE
Demetrius Williams,
Denard Robinson,RB
Denarius Moore,WR
Dennis Dixon,
Dennis Johnson,RB
Dennis Pitta,TE
Deon Anderson,
Deon Butler,
Deonte Thompson,WR
Derek Anderson,QB
Derek Carr,QB
Derek Carrier,WR
Derek Hagan,WR
Derek Moye,
Derek Schouman,
Derek Watt,RB
Derrick Coleman,RB
Derrick Henry,RB
Derrick Mason,WR
Derrick Townsel,
Derrick Ward,RB
Derrick Williams,WR
Deshaun Watson,QB
Desmond Clark,TE
Devante Mays,RB
Devery Henderson,WR
Devin Aromashodu,WR
Devin Funchess,WR
Devin Hester,WR
Devin Moore,
Devin Smith,WR
Devin Street,WR
Devin Thomas,WR
Devon Wylie,
Devonta Freeman,RB
Devontae Booker,RB
Dexter McCluster,WR
Dez Bryant,WR
Dezmin Lewis,
Dezmon Briscoe,WR
Dimitri Nance,RB
Dion Lewis,RB
Dion Sims,TE
Domenik Hixon,WR
Dominic Rhodes,RB
Dominique Byrd,
Dominique Curry,
Dominique Davis,
Dominique Jones,TE
Dominique Williams,
Dominique Zeigler,WR
Don Jackson,RB
Donald Brown,RB
Donald Driver,WR
Donald Jones,WR
Donald Lee,TE
Donnie Avery,WR
Donovan McNabb,QB
Donte Moncrief,WR
Donte' Stallworth,WR
Donteea Dye,
Dontrelle Inman,WR
Dorial Green-Beckham,WR
Dorin Dickerson,TE
Doug Baldwin,WR
Doug Martin,RB
Drake Dunsmore,
Dreamius Smith,
Drew Brees,QB
Drew Davis,WR
Drew Stanton,QB
Dri Archer,
DuJuan Harris,RB
Duke Calhoun,
Duke Johnson,RB
Dustin Keller,TE
Dustin Vaughan,
Dwayne Allen,TE
Dwayne Bowe,WR
Dwayne Harris,WR
Dwayne Jarrett,WR
Dwayne Washington,RB
E.J. Bibbs,TE
EJ Manuel,QB
Earl Bennett,WR
Early Doucet,WR
Earnest Graham,RB
Ed Dickson,TE
Eddie Lacy,RB
Eddie Royal,WR
Eddie Williams,
Edwin Baker,RB
Elbert Mack,
Eldra Buckley,RB
Eli Manning,QB
Eli Rogers,WR
Elijah McGuire,RB
Elijhaa Penny,RB
Emanuel Byrd,TE
Emil Igwenagu,
Emmanuel Arceneaux,WR
Emmanuel Ogbuehi,
Emmanuel Sanders,WR
Emory Blake,
Eric Decker,WR
Eric Ebron,TE
Eric Page,
Eric Saubert,
Eric Tomlinson,TE
Eric Weems,WR
Erik Lorig,RB
Erik Swoope,TE
Ernest Wilford,TE
Evan Baylis,
Evan Engram,TE
Evan Moore,TE
Evan Rodriguez,
Evan Royster,RB
Evan Spencer,
Ezekiel Elliott,RB
Felix Jones,RB
Fendi Onobun,
Fitzgerald Toussaint,RB
Fozzy Whittaker,RB
Frank Gore,RB
Frank Summers,RB
Frankie Hammond,
Fred Davis,TE
Fred Jackson,RB
Fred Taylor,RB
Fred Williams,
Freddie Martino,WR
G.J. Kinne,
Garrett Celek,TE
Garrett Gilbert,
Garrett Graham,RB
Garrett Grayson,
Garrett Griffin,TE
Garrett Mills,TE
Garrett Wolfe,RB
Gartrell Johnson,RB
Gary Banks,WR
Gary Barnidge,TE
Gator Hoskins,TE
Gavin Escobar,
Geno Smith,QB
Geoff Swaim,TE
George Atkinson,RB
George Farmer,RB
George Kittle,TE
George Wilson,
George Winn,RB
Gerald Christian,TE
Gerald Everett,TE
Geremy Davis,
Geronimo Allison,WR
Gerrell Robinson,
Gijon Robinson,TE
Giovani Bernard,RB
Glenn Gronkowski,
Glenn Winston,RB
Golden Tate,WR
Graham Harrell,QB
Greg Camarillo,WR
Greg Childs,
Greg Jenkins,
Greg Jennings,WR
Greg Jones,RB
Greg Lewis,WR
Greg Little,WR
Greg McElroy,QB
Greg Olsen,TE
Greg Salas,WR
Griff Whalen,WR
Guy Whimper,TE
Hakeem Nicks,WR
Hakeem Valles,
Hank Baskett,WR
Harry Douglas,WR
Hayden Smith,TE
Heath Evans,RB
Heath Miller,TE
Henry Hynoski,RB
Henry Krieger-Coble,TE
Hines Ward,WR
Hunter Henry,TE
Hunter Sharp,WR
Ifeanyi Momah,TE
Isaac Redman,RB
Isaiah Burse,
Isaiah Crowell,RB
Isaiah McKenzie,WR
Isaiah Pead,RB
Isaiah Stanback,TE
J.D. McKissic,RB
J.P. Losman,QB
JJ Nelson,WR
Jabar Gaffney,WR
Jace Amaro,TE
Jace Davis,
Jack Doyle,TE
Jackie Battle,RB
Jacob Hester,RB
Jacob Hollister,TE
Jacob Tamme,TE
Jacoby Brissett,QB
Jacoby Ford,WR
Jacoby Jones,WR
Jacquizz Rodgers,RB
Jaelen Strong,WR
Jahvid Best,
Jake Ballard,TE
Jake Byrne,
Jake Delhomme,QB
Jake Fisher,TE
Jake Lampman,
Jake Locker,QB
Jake Murphy,
Jake O'Connell,TE
Jake Rudock,QB
Jake Stoneburner,TE
Jakeem Grant,WR
Jalen Parmele,RB
Jalen Richard,RB
Jalen Saunders,WR
Jalin Marshall,WR
Jalston Fowler,RB
Jamaal Charles,RB
Jamaal Williams,RB
Jamar Newsome,WR
Jameis Winston,QB
James Casey,
James Conner,RB
James Davis,RB
James Develin,TE
James Hanna,TE
James Jones,WR
James O'Shaughnessy,TE
James Rodgers,
James Starks,RB
James White,RB
James Wilder,
James Wright,WR
Jameson Konz,
Jamie Childers,
Jamie Harper,RB
Jamison Crowder,WR
Jamize Olawale,RB
Jared Abbrederis,WR
Jared Cook,TE
Jared Goff,QB
Jared Green,
Jarett Dillard,WR
Jarius Wright,WR
Jaron Brown,WR
Jarrett Boykin,WR
Jarryd Hayne,RB
Jarvis Landry,WR
Jason Avant,WR
Jason Campbell,QB
Jason Hill,WR
Jason Snelling,RB
Jason Witten,TE
Jason Wright,RB
Javarris James,
Javarris Williams,
Javon Ringer,RB
Javontee Herndon,WR
Javorius Allen,RB
Jay Ajayi,RB
Jay Cutler,QB
Jay Prosch,RB
Jaydon Mickens,WR
Jaymar Johnson,
Je'Ron Hamm,TE
Jed Collins,RB
Jeff Cumberland,TE
Jeff Demps,
Jeff Dugan,TE
Jeff Fuller,
Jeff Heuerman,TE
Jeff Janis,WR
Jeff King,TE
Jeff Maehl,WR
Jeff Tuel,
Jehu Chesson,WR
Jehuu Caulcrick,RB
Jerell Adams,WR
Jeremiah Johnson,
Jeremy Butler,WR
Jeremy Ebert,WR
Jeremy Hill,RB
Jeremy Horne,WR
Jeremy Kerley,WR
Jeremy Langford,RB
Jeremy Maclin,WR
Jeremy Ross,WR
Jeremy Shockey,TE
Jeremy Sprinkle,WR
Jeremy Stewart,RB
Jerheme Urban,WR
Jerick McKinnon,RB
Jerious Norwood,RB
Jermaine Gresham,TE
Jermaine Kearse,WR
Jermichael Finley,TE
Jerome Cunningham,RB
Jerome Felton,RB
Jerome Harrison,
Jerome Johnson,
Jerome Simpson,WR
Jerome Smith,
Jeron Mastrud,TE
Jerramy Stevens,TE
Jerrel Jernigan,WR
Jerrell Jackson,
Jerricho Cotchery,WR
Jerry Rice,
Jesse Holley,WR
Jesse James,TE
Jesus Wilson,WR
Jewel Hampton,
Jim Dray,
Jim Kleinsasser,TE
Jimmy Clausen,QB
Jimmy Garoppolo,QB
Jimmy Graham,TE
Joe Adams,WR
Joe Anderson,
Joe Banyard,
Joe Callahan,QB
Joe Flacco,QB
Joe Hastings,
Joe Kerridge,RB
Joe McKnight,RB
Joe Mixon,RB
Joe Morgan,WR
Joe Webb,QB
Joe Zelenka,
Joel Dreessen,TE
Joey Galloway,WR
Joey Iosefa,RB
John Beck,QB
John Brown,WR
John Carlson,RB
John Clay,RB
John Conner,RB
John Crockett,RB
John Gilmore,TE
John Kuhn,RB
John Matthews,
John Nalbone,
John Paul Foschi,
John Phillips,
John Ross,WR
John Skelton,QB
Johnathan Franklin,RB
Johnnie Lee Higgins,WR
Johnny Holton,WR
Johnny Knox,WR
Johnny Manziel,QB
Johnny White,RB
Joique Bell,RB
Jojo Natson,WR
Jon Kitna,QB
Jonas Gray,RB
Jonathan Baldwin,WR
Jonathan Dwyer,RB
Jonathan Grimes,RB
Jonathan Krause,WR
Jonathan Stewart,RB
Jonathan Stupar,TE
Jonathan Williams,RB
Jonnu Smith,TE
Jordan Cameron,TE
Jordan Howard,RB
Jordan Leslie,WR
Jordan Matthews,WR
Jordan Norwood,WR
Jordan Palmer,QB
Jordan Payton,WR
Jordan Reed,TE
Jordan Shipley,WR
Jordan Taylor,WR
Jordan Thompson,
Jordan Todman,
Jordan White,WR
Jordy Nelson,WR
Jorvorskie Lane,RB
Joseph Addai,RB
Joseph Fauria,TE
Joseph Randle,RB
Josh Baker,RB
Josh Bellamy,WR
Josh Boyce,
Josh Cooper,WR
Josh Cribbs,WR
Josh Doctson,WR
Josh Ferguson,RB
Josh Freeman,QB
Josh Gordon,WR
Josh Harris,RB
Josh Hill,TE
Josh Huff,WR
Josh Johnson,
Josh Lenz,
Josh Malone,WR
Josh McCown,QB
Josh Morgan,WR
Josh Reynolds,WR
Josh Robinson,RB
Josh Stewart,
Josh Vaughan,RB
Joshua Perkins,TE
JuJu Smith-Schuster,WR
Julian Edelman,WR
Julian Howsare,
Julian Talley,
Julio Jones,WR
Julius Jones,RB
Julius Pruitt,
Julius Thomas,TE
Junior Hemingway,WR
Juron Criner,
Justice Cunningham,
Justin Blackmon,
Justin Brown,WR
Justin Davis,RB
Justin Forsett,RB
Justin Gage,WR
Justin Hardee,
Justin Hardy,WR
Justin Hunter,WR
Justin Peelle,TE
Justin Perillo,TE
Justin Snow,
Justin Veltung,
Juwan Thompson,RB
Ka'Deem Carey,RB
Kadeem Jones,
Kaelin Clay,WR
Kahlil Bell,
Kain Colter,
Kalif Raymond,WR
Kamar Aiken,WR
Kapri Bibbs,RB
Kareem Huggins,RB
Kareem Hunt,RB
Karlos Williams,RB
Kasen Williams,WR
Kashif Moore,
Kassim Osgood,
Kealoha Pilares,WR
Keary Colbert,WR
Keavon Milton,
Keelan Cole,WR
Keenan Allen,WR
Keiland Williams,RB
Keith Mumphery,WR
Keith Smith,RB
Keith Toston,RB
Keith Wenning,
Kellen Clemens,QB
Kellen Davis,
Kellen Moore,QB
Kellen Winslow,TE
Kelley Washington,WR
Kelvin Benjamin,WR
Kenbrell Thompkins,WR
Kendall Gaskins,RB
Kendall Hunter,RB
Kendall Lamm,TE
Kendall Wright,WR
Kendrick Bourne,WR
Kenjon Barner,RB
Kenneth Darby,RB
Kenneth Dixon,RB
Kenneth Farrow,RB
Kenny Britt,WR
Kenny Golladay,WR
Kenny Moore,
Kenny Stills,WR
Kenyan Drake,RB
Kerry Collins,QB
Kerry Meier,
Kerry Taylor,WR
Kerwynn Williams,RB
Keshawn Martin,
Kevin Boss,TE
Kevin Brock,TE
Kevin Cone,
Kevin Curtis,WR
Kevin Dorsey,WR
Kevin Elliott,WR
Kevin Faulk,RB
Kevin Hogan,QB
Kevin Kolb,QB
Kevin Norwood,
Kevin Ogletree,WR
Kevin Smith,WR
Kevin Walter,WR
Kevin White,WR
Khalif Barnes,TE
Khari Lee,
Khiry Robinson,RB
Kiero Small,
Kirk Cousins,QB
Knile Davis,RB
Knowshon Moreno,RB
Konrad Reuland,TE
Korey Hall,
Kory Sheets,
Kory Sperry,TE
Kregg Lumpkin,RB
Kris Adams,WR
Kris Durham,WR
Kris Wilson,
Kyle Adams,TE
Kyle Boller,QB
Kyle Juszczyk,RB
Kyle Orton,QB
Kyle Rudolph,TE
Kyle Williams,
LaDainian Tomlinson,RB
LaMark Brown,
LaMichael James,
LaQuan Williams,WR
LaRod Stephens-Howling,RB
LaRon Byrd,
LaVon Brazill,WR
Lache Seastrunk,
Ladarius Green,TE
Ladell Betts,RB
Lamaar Thomas,WR
Lamar Miller,RB
Lamont Bryant,
Lance Ball,RB
Lance Dunbar,RB
Lance Kendricks,TE
Lance Lewis,
Lance Long,
Lance Moore,WR
Landry Jones,QB
Laquon Treadwell,WR
Larry Donnell,TE
Larry Fitzgerald,WR
Larry Johnson,RB
Larry Pinkard,WR
Latavius Murray,RB
Laurence Maroney,RB
Laurent Robinson,WR
Lavelle Hawkins,
Lawrence Thomas,RB
Lawrence Vickers,RB
Le'Ron McClain,RB
Le'Veon Bell,RB
LeGarrette Blount,RB
LeSean McCoy,RB
LeShun Daniels,RB
Lee Evans,WR
Lee Smith,TE
Legedu Naanee,WR
Leon Washington,RB
Leonard Fournette,RB
Leonard Hankerson,WR
Leonard Pope,TE
Leonard Weaver,RB
Leonte Carroo,WR
Lestar Jean,WR
Levi Brown,QB
Levine Toilolo,TE
Lex Hilliard,RB
Logan Paulsen,
Logan Thomas,TE
Lonnie Pryor,
Lonyae Miller,
Lorenzo Booker,RB
Lorenzo Taliaferro,RB
Louis Murphy,WR
Lousaka Polite,RB
Lucky Whitehead,WR
Luke McCown,QB
Luke Stocker,TE
Luke Willson,TE
Mack Brown,RB
Mack Hollins,WR
Madison Hedgecock,RB
Malcolm Brown,RB
Malcolm Johnson,RB
Malcolm Mitchell,RB
Malcom Floyd,WR
Manase Tonga,RB
Manuel Johnson,WR
MarQueis Gray,TE
Marc Mariani,WR
Marcedes Lewis,TE
Marcel Jensen,
Marcel Reece,RB
Marcus Easley,WR
Marcus Jackson,
Marcus Johnson,WR
Marcus Lattimore,
Marcus Mariota,QB
Marcus Murphy,RB
Marcus Smith,
Marcus Thigpen,WR
Mardy Gilyard,WR
Mario Alford,
Mario Manningham,
Marion Barber,RB
Marion Grice,RB
Mark Brunell,QB
Mark Clayton,WR
Mark Ingram,RB
Mark Sanchez,QB
Markus Wheaton,WR
Marlon Brown,WR
Marlon Mack,RB
Marlon Moore,WR
Marqise Lee,WR
Marques Colston,WR
Marquess Wilson,WR
Marquis Johnson,
Marquise Goodwin,WR
Marshawn Lynch,RB
Martavis Bryant,WR
Martellus Bennett,TE
Martin Rucker,
Marvin Hall,WR
Marvin Jones,WR
Marvin McNutt,
Matt Asiata,RB
Matt Barkley,QB
Matt Blanchard,
Matt Breida,RB
Matt Cassel,QB
Matt Flynn,QB
Matt Forte,RB
Matt Haack,WR
Matt Hasselbeck,QB
Matt Hazel,WR
Matt Jones,RB
Matt LaCosse,
Matt Leinart,QB
Matt Lengel,TE
Matt McGloin,QB
Matt Moore,QB
Matt Ryan,QB
Matt Schaub,QB
Matt Simms,QB
Matt Slater,
Matt Spaeth,TE
Matt Veldman,
Matt Willis,WR
Matthew Dayes,RB
Matthew Mulligan,TE
Matthew Stafford,QB
Matthew Tucker,
Maurice Harris,WR
Maurice Jones-Drew,RB
Maurice Morris,RB
Maurice Stovall,WR
Max Hall,QB
Max Komar,
Max McCaffrey,WR
Maxx Williams,WR
Melvin Gordon,RB
Mewelde Moore,RB
Micah Hatfield,
Michael Bennett,RB
Michael Burton,RB
Michael Bush,
Michael Campanaro,WR
Michael Clark,WR
Michael Clayton,
Michael Cox,RB
Michael Crabtree,WR
Michael Egnew,WR
Michael Floyd,WR
Michael Ford,
Michael Higgins,TE
Michael Hill,
Michael Hoomanawanui,TE
Michael Jenkins,WR
Michael Palmer,TE
Michael Preston,WR
Michael Roberts,TE
Michael Robinson,RB
Michael Smith,
Michael Thomas,WR
Michael Turner,RB
Michael Vick,QB
Michael Williams,TE
Michael Zordich,
Micheal Spurlock,WR
Mickey Shuler,
Mike Bell,RB
Mike Brown,WR
Mike Caussin,TE
Mike Cox,TE
Mike Davis,RB
Mike Evans,WR
Mike Gillislee,RB
Mike Glennon,QB
Mike Goodson,RB
Mike Hart,RB
Mike James,RB
Mike Johnson,TE
Mike Kafka,
Mike Karney,RB
Mike Leach,
Mike McNeill,TE
Mike Sellers,RB
Mike Sims-Walker,WR
Mike Thomas,WR
Mike Tolbert,RB
Mike Wallace,WR
Mike Williams,WR
Mike Willie,
Mikel Leshoure,RB
Miles Austin,WR
Mitch Trubisky,QB
Mitchell Henry,
Mohamed Massaquoi,WR
Mohamed Sanu,WR
Montario Hardesty,RB
Montee Ball,RB
Montell Owens,
Moran Norris,
Mossis Madu,RB
MyCole Pruitt,
Mychal Rivera,TE
Myles White,WR
Naaman Roosevelt,
Nate Burleson,WR
Nate Byham,RB
Nate Eachus,RB
Nate Solder,
Nate Sudfeld,QB
Nate Washington,WR
Nathan Palmer,
Nathan Peterman,QB
Nathan Slaughter,
Naufahu Tahi,RB
Neal Sterling,WR
Nelson Agholor,WR
Nelson Rosario,
Nic Jacobs,TE
Nick Boyle,TE
Nick Foles,QB
Nick Kasa,
Nick Miller,WR
Nick O'Leary,TE
Nick Stephens,
Nick Toon,
Nick Vannett,TE
Nick Williams,WR
Nikita Whitlock,
Niles Paul,WR
Noah Brown,WR
O.J. Howard,TE
Odell Beckham,WR
Onrea Jones,
Onterio McCalebb,
Orleans Darkwa,RB
Orson Charles,TE
Ovie Mughelli,RB
Owen Daniels,TE
Owen Marecic,
Owen Schmitt,RB
Pat O'Donnell,WR
Patrick Cobbs,RB
Patrick Crayton,WR
Patrick DiMarco,RB
Patrick Edwards,
Patrick Mahomes,QB
Patrick Turner,
Paul Hubbard,WR
Paul Lasike,RB
Paul McRoberts,WR
Paul Perkins,RB
Paul Richardson,WR
Paul Turner,WR
Paxton Lynch,QB
Percy Harvin,WR
Peyton Barber,RB
Peyton Hillis,RB
Peyton Manning,QB
Pharoh Cooper,WR
Phil Bates,
Philip Rivers,QB
Phillip Dorsett,WR
Phillip Supernaw,TE
Phillip Tanner,
Pierre Garcon,WR
Pierre Thomas,RB
Plaxico Burress,WR
Preston Parker,WR
Quan Bray,WR
Quan Cosby,WR
Quincy Enunwa,WR
Quinn Johnson,
Quinton Ganther,RB
Quinton Patton,WR
Raheem Mostert,RB
Ramses Barden,WR
Randall Cobb,WR
Randall Telfer,TE
Randy McMichael,RB
Randy Moss,WR
Rannell Hall,
Rashad Greene,WR
Rashad Jennings,RB
Rashad Ross,WR
Rashard Higgins,WR
Rashard Mendenhall,RB
Rashaun Allen,
Rashawn Jackson,
Rashied Davis,WR
Ray Agnew,RB
Ray Graham,RB
Ray Rice,RB
Reagan Maui'a,RB
Reggie Bush,RB
Reggie Dunn,
Reggie Kelly,TE
Reggie Wayne,WR
Rex Burkhead,RB
Rex Grossman,
Rhett Ellison,TE
Ricardo Lockette,WR
Ricardo Louis,WR
Richard Bartel,QB
Richard Goodman,
Richard Gordon,
Richard Medlin,
Richard Murphy,RB
Richard Quinn,
Richard Rodgers,TE
Richie Brockel,
Ricky Seals-Jones,TE
Ricky Williams,RB
Rico Richardson,
Riley Cooper,WR
Rishard Matthews,WR
Rob Blanchflower,
Rob Gronkowski,TE
Rob Housler,TE
Rob Myers,
Robby Anderson,WR
Robert Griffin,QB
Robert Herron,WR
Robert Hughes,RB
Robert Kelley,RB
Robert Meachem,WR
Robert Royal,WR
Robert Turbin,RB
Robert Woods,WR
Roberto Wallace,
Rock Cartwright,RB
Rod Smith,RB
Rod Streater,WR
Roddy White,WR
Rodney Smith,
Roger Lewis,WR
Ronnie Brown,RB
Ronnie Hillman,RB
Ronnie Wingo,
Roosevelt Nix,RB
Roscoe Parrish,WR
Ross Travis,TE
Roy Helu,RB
Roy Williams,WR
Royce Pollard,
Roydell Williams,WR
Rudy Carpenter,
Rueben Randle,WR
Russell Hansbrough,
Russell Shepard,WR
Russell Wilson,QB
Rusty Smith,QB
Ruvell Martin,WR
Ryan Broyles,WR
Ryan D'Imperio,RB
Ryan Fitzpatrick,QB
Ryan Grant,WR
Ryan Griffin,TE
Ryan Hewitt,RB
Ryan Lankford,
Ryan Lindley,QB
Ryan Mahaffey,RB
Ryan Malleck,TE
Ryan Mallett,QB
Ryan Mathews,RB
Ryan Nassib,QB
Ryan O'Malley,
Ryan Otten,
Ryan Purvis,TE
Ryan Spadola,
Ryan Switzer,WR
Ryan Tannehill,QB
Ryan Taylor,
Ryan Torain,
Ryan Whalen,
Ryan Williams,RB
Saalim Hakim,
Sage Rosenfels,QB
Sam Aiken,WR
Sam Bradford,QB
Sam Hurd,WR
Samaje Perine,RB
Sammie Coates,WR
Sammie Stroughter,WR
Sammy Morris,RB
Sammy Watkins,WR
Santana Moss,WR
Santonio Holmes,WR
Scott Chandler,TE
Scott Simonson,TE
Scott Tolzien,QB
Sean Culkin,
Sean Mannion,QB
Sean McGrath,TE
Sean Renfree,QB
Seneca Wallace,QB
Senorise Perry,RB
Seth Devalve,TE
Seth Roberts,WR
Seyi Ajirotutu,WR
Shane Smith,
Shane Vereen,RB
Shane Wynn,WR
Shaquelle Evans,
Shaun Chapas,RB
Shaun Draughn,RB
Shaun Hill,QB
Shawn Nelson,TE
Shelton Gibson,WR
Shonn Greene,RB
Sidney Rice,WR
Silas Redd,RB
Skye Dawson,
Solomon Patton,WR
Spencer Larsen,RB
Spencer Ware,RB
Stacy Coley,
Stanley Havili,RB
Stedman Bailey,WR
Stefan Logan,RB
Stefon Diggs,WR
Stepfan Taylor,RB
Stephen Anderson,TE
Stephen Burton,WR
Stephen Hill,
Stephen McGee,QB
Stephen Morris,
Stephen Spach,TE
Stephen Williams,
Sterling Shepard,WR
Stevan Ridley,RB
Steve Breaston,WR
Steve Johnson,WR
Steve Maneri,TE
Steve Slaton,RB
Steve Smith,WR
Steven Jackson,RB
Storm Johnson,RB
T.J. Graham,WR
T.J. Houshmandzadeh,WR
T.J. Jones,WR
T.J. Moe,
T.J. Yates,QB
T.J. Yeldon,RB
T.Y. Hilton,WR
Taiwan Jones,RB
Taj Smith,
Tajae Sharpe,WR
Tandon Doss,
Tanner Gentry,WR
Tanner McEvoy,WR
Tarik Cohen,WR
Tarvaris Jackson,QB
Tashard Choice,RB
Tauren Poole,RB
Tavarres King,WR
Tavon Austin,WR
Taylor Gabriel,WR
Taylor Heinicke,QB
Taylor Price,
Taylor Thompson,TE
Taywan Taylor,WR
Ted Bolser,
Ted Ginn,WR
Teddy Bridgewater,QB
Teddy Williams,WR
Temarrick Hemingway,
Terrance Copper,WR
Terrance Ganaway,
Terrance West,RB
Terrance Williams,WR
Terrell Owens,WR
Terrell Watson,RB
Terrelle Pryor,WR
Terrence Austin,WR
Terrence Magee,
Terron Ward,RB
Tevin Coleman,RB
Tevin Reese,
Thaddeus Lewis,QB
Theo Riddick,RB
Thomas Clayton,RB
Thomas Jones,RB
Thomas Rawls,RB
Tim Benford,
Tim Castille,RB
Tim Hightower,RB
Tim Tebow,RB
Tim Wright,TE
Tion Green,RB
Tiquan Underwood,WR
Titus Young,WR
Tobais Palmer,
Toben Opurum,
Toby Gerhart,RB
Todd Bouman,QB
Todd Collins,QB
Todd Gurley,RB
Todd Heap,TE
Tom Brady,QB
Tom Brandstater,QB
Tom Crabtree,
Tom Savage,QB
Tommy Bohanon,RB
Tommy Gallarda,TE
Tommy Streeter,
Tommylee Lewis,WR
Toney Clemons,WR
Tony Fiammetta,
Tony Gonzalez,TE
Tony Lippett,
Tony Moeaki,TE
Tony Pike,QB
Tony Richardson,RB
Tony Romo,QB
Tony Scheffler,TE
Tony Washington,WR
Tori Gurley,WR
Torrey Smith,WR
Tory Humphrey,WR
Travaris Cadet,RB
Travis Beckum,
Travis Benjamin,WR
Travis Harvey,
Travis Kelce,TE
Travis Labhart,
Travis Rudolph,WR
Tray Session,
Tre Madden,RB
Tre Mason,RB
Tre McBride,WR
Trent Edwards,QB
Trent Richardson,RB
Trent Taylor,WR
Trevone Boykin,QB
Trevor Davis,WR
Trevor Siemian,QB
Trey Burton,TE
Trey Edmunds,RB
Trey Millard,
Trey Watts,
Trey Williams,RB
Trindon Holliday,WR
Troy Burrell,
Troy Niklas,TE
Troy Smith,QB
Troymaine Pope,RB
Ty Montgomery,RB
Tyler Boyd,WR
Tyler Bray,QB
Tyler Clutts,RB
Tyler Eifert,TE
Tyler Ervin,RB
Tyler Gaffney,
Tyler Higbee,TE
Tyler Kroft,TE
Tyler Lockett,WR
Tyler Murphy,WR
Tyler Palko,QB
Tyler Thigpen,
Tyler Varga,RB
Tyreek Hill,WR
Tyrell Sutton,RB
Tyrell Williams,WR
Tyrod Taylor,QB
Uzoma Nwachukwu,
Vance McDonald,TE
Vernon Davis,TE
Verran Tucker,WR
Vick Ballard,
Victor Bolden,
Victor Cruz,WR
Vince Mayle,WR
Vince Young,QB
Vincent Brown,WR
Vincent Jackson,WR
Virgil Green,TE
Visanthe Shiancoe,TE
Vonta Leach,RB
Walt Powell,RB
Wayne Gallman,RB
Wendall Williams,WR
Wendell Smallwood,RB
Wes Saxton,
Wes Welker,WR
Weslye Saunders,
Will Fuller,WR
Will Heller,TE
Will Johnson,RB
Will Murphy,
Will Ta'ufo'ou,RB
Will Tukuafu,RB
Will Tye,TE
Will Yeatman,
William Powell,RB
Willie Snead,WR
Willis McGahee,RB
Xavier Grimble,WR
Yamon Figurs,WR
Zac Dysert,
Zac Stacy,RB
Zach Ertz,TE
Zach Line,RB
Zach Mettenberger,QB
Zach Miller,TE
Zach Potter,TE
Zach Sudfeld,TE
Zach Zenner,RB
Zack Pianalto,TE
Zay Jones,WR
Zurlon Tipton,RB
